name,id,designation,age,address,salary,email,password
WILLIAM KING,EMP001,OFFICE MANAGER,23,301 ELM STREET SAN DIEGO,103185,william1@gmail.com,714
MARK MARTIN,EMP003,DEVOPS ENGINEER,27,121 OAK STREET MIAMI,80174,mark3@gmail.com,540
JOHN WALKER,EMP451,OFFICE MANAGER,40,784 ELM STREET DENVER,72671,john451@gmail.com,484
WILLIAM WHITE,EMP221,CLOUD ENGINEER,50,444 SPRUCE STREET CHICAGO,97384,william221@gmail.com,848
EMILY CLARK,EMP006,FINANCIAL ANALYST,41,293 ELM STREET MIAMI,125883,emily6@gmail.com,865
DAVID KING,EMP496,BUSINESS ANALYST,36,462 WILLOW STREET PHILADELPHIA,138981,david496@gmail.com,327
OLIVIA CLARK,EMP344,PRODUCT MANAGER,44,842 ELM STREET PHILADELPHIA,68100,olivia344@gmail.com,934
ELIZABETH HALL,EMP009,OFFICE MANAGER,47,146 CEDAR STREET PHOENIX,115055,elizabeth9@gmail.com,471
JAMES SMITH,EMP010,SALES REPRESENTATIVE,44,323 PINE STREET SAN ANTONIO,50302,james10@gmail.com,882
JENNIFER WHITE,EMP011,SYSTEM ADMIN,50,455 PINE STREET BOSTON,118145,jennifer11@gmail.com,925
PATRICIA LEWIS,EMP392,FINANCIAL ANALYST,22,294 CEDAR STREET SEATTLE,145187,patricia392@gmail.com,788
ETHAN YOUNG,EMP300,PROJECT MANAGER,51,759 PINE STREET PHOENIX,102478,ethan300@gmail.com,277
LISA SMITH,EMP331,CLOUD ENGINEER,26,281 POPLAR STREET NEW YORK,53912,lisa331@gmail.com,103
WILLIAM THOMPSON,EMP337,DEVOPS ENGINEER,55,324 ELM STREET MIAMI,80548,william337@gmail.com,802
LISA ALLEN,EMP398,SECURITY ANALYST,31,411 MAPLE STREET PHILADELPHIA,48229,lisa398@gmail.com,372
LINDA YOUNG,EMP546,DATA SCIENTIST,59,390 BIRCH STREET HOUSTON,91877,linda546@gmail.com,297
MARK YOUNG,EMP243,CLOUD ENGINEER,25,999 PINE STREET HOUSTON,101842,mark243@gmail.com,956
MARK JOHNSON,EMP309,MARKETING DIRECTOR,34,751 OAK STREET AUSTIN,90726,mark309@gmail.com,635
LINDA HALL,EMP210,HR MANAGER,24,319 MAIN STREET PHOENIX,78519,linda210@gmail.com,965
JAMES MARTIN,EMP482,FINANCIAL ANALYST,45,770 CEDAR STREET SAN DIEGO,87932,james482@gmail.com,867
SOPHIA KING,EMP539,SENIOR DEVELOPER,39,112 PINE STREET AUSTIN,100842,sophia539@gmail.com,518
JAMES TAYLOR,EMP312,DATA SCIENTIST,39,173 POPLAR STREET HOUSTON,104470,james312@gmail.com,412
ELIZABETH HARRIS,EMP547,CLOUD ENGINEER,30,552 PINE STREET SAN JOSE,105172,elizabeth547@gmail.com,565
MICHAEL JOHNSON,EMP236,SECURITY ANALYST,33,476 POPLAR STREET SAN ANTONIO,96889,michael236@gmail.com,780
JENNIFER DAVIS,EMP523,SYSTEM ADMIN,53,279 SPRUCE STREET DALLAS,118438,jennifer523@gmail.com,667
MICHAEL HALL,EMP319,SOFTWARE ENGINEER,50,875 CEDAR STREET LOS ANGELES,82391,michael319@gmail.com,903
SARAH DAVIS,EMP378,IT DIRECTOR,50,451 POPLAR STREET SAN JOSE,46106,sarah378@gmail.com,849
SANJANA HARRIS,EMP329,PRODUCT MANAGER,41,927 MAPLE STREET CHICAGO,149867,sanjana329@gmail.com,478
DANIEL KING,EMP427,UI UX DESIGNER,50,100 OAK STREET LOS ANGELES,50799,daniel427@gmail.com,138
SANJANA KING,EMP323,DEVOPS ENGINEER,27,793 PINE STREET SAN JOSE,62766,sanjana323@gmail.com,696
OLIVIA GAUTAM,EMP185,SENIOR DEVELOPER,22,430 SPRUCE STREET AUSTIN,87810,olivia185@gmail.com,212
JOHN LEE,EMP034,HR MANAGER,54,665 WILLOW STREET CHICAGO,117540,john34@gmail.com,523
LISA KING,EMP183,CLOUD ENGINEER,42,695 POPLAR STREET PHILADELPHIA,125534,lisa183@gmail.com,151
ROBERT GAUTAM,EMP193,SALES REPRESENTATIVE,30,106 SPRUCE STREET MIAMI,95761,robert193@gmail.com,447
PATRICIA YOUNG,EMP293,DATABASE ADMIN,32,283 POPLAR STREET LOS ANGELES,76902,patricia293@gmail.com,241
DAVID LEWIS,EMP500,SALES REPRESENTATIVE,45,876 MAPLE STREET PHOENIX,67642,david500@gmail.com,552
LISA LEE,EMP473,HR MANAGER,57,509 MAPLE STREET SAN DIEGO,101192,lisa473@gmail.com,531
ETHAN WHITE,EMP040,MARKETING DIRECTOR,29,493 MAIN STREET HOUSTON,94768,ethan40@gmail.com,289
PATRICIA KING,EMP338,UI UX DESIGNER,35,943 OAK STREET SAN ANTONIO,123547,patricia338@gmail.com,194
DANIEL HALL,EMP042,DATA SCIENTIST,52,899 WILLOW STREET DENVER,99897,daniel42@gmail.com,753
LINDA LEWIS,EMP474,MARKETING DIRECTOR,53,297 OAK STREET BOSTON,147882,linda474@gmail.com,708
JENNIFER TAYLOR,EMP357,DEVOPS ENGINEER,55,125 BIRCH STREET HOUSTON,114337,jennifer357@gmail.com,399
DANIEL TAYLOR,EMP230,DEVOPS ENGINEER,48,978 PINE STREET LOS ANGELES,95085,daniel230@gmail.com,197
ROBERT HARRIS,EMP371,PRODUCT MANAGER,23,908 PINE STREET HOUSTON,79438,robert371@gmail.com,399
DANIEL WALKER,EMP047,QUALITY ASSURANCE,35,262 MAIN STREET SEATTLE,70029,daniel47@gmail.com,922
JOHN KING,EMP544,DATA SCIENTIST,58,638 MAPLE STREET CHICAGO,51807,john544@gmail.com,533
EMILY TAYLOR,EMP516,HR MANAGER,46,314 CEDAR STREET DENVER,139112,emily516@gmail.com,434
SOPHIA THOMPSON,EMP191,SALES REPRESENTATIVE,29,335 POPLAR STREET SEATTLE,103256,sophia191@gmail.com,479
SOPHIA WHITE,EMP095,IT DIRECTOR,29,311 BIRCH STREET DALLAS,97669,sophia95@gmail.com,976
DANIEL LEWIS,EMP508,DEVOPS ENGINEER,58,988 POPLAR STREET SEATTLE,96022,daniel508@gmail.com,790
OLIVIA ALLEN,EMP438,NETWORK ENGINEER,29,915 MAIN STREET AUSTIN,108314,olivia438@gmail.com,929
MARK TAYLOR,EMP535,SYSTEM ADMIN,32,611 ELM STREET AUSTIN,127143,mark535@gmail.com,825
ELIZABETH SMITH,EMP528,CLOUD ENGINEER,54,122 BIRCH STREET BOSTON,72184,elizabeth528@gmail.com,258
JENNIFER WALKER,EMP420,BUSINESS ANALYST,34,365 ELM STREET DENVER,68196,jennifer420@gmail.com,255
PATRICIA LEE,EMP062,SYSTEM ADMIN,47,208 WILLOW STREET SAN ANTONIO,93985,patricia62@gmail.com,819
ETHAN LEWIS,EMP168,BUSINESS ANALYST,37,477 CEDAR STREET PHOENIX,116089,ethan168@gmail.com,461
JENNIFER YOUNG,EMP064,BUSINESS ANALYST,53,706 BIRCH STREET DALLAS,63511,jennifer64@gmail.com,551
OLIVIA YOUNG,EMP423,OFFICE MANAGER,45,719 SPRUCE STREET NEW YORK,147968,olivia423@gmail.com,162
PAUL SMITH,EMP457,DATA SCIENTIST,44,718 POPLAR STREET SAN DIEGO,120639,paul457@gmail.com,886
PAUL ANDERSON,EMP152,DATA SCIENTIST,24,281 ELM STREET AUSTIN,147074,paul152@gmail.com,664
OLIVIA WILSON,EMP170,DATABASE ADMIN,40,155 WILLOW STREET DENVER,48763,olivia170@gmail.com,863
ELIZABETH KING,EMP069,DATABASE ADMIN,22,133 POPLAR STREET MIAMI,89851,elizabeth69@gmail.com,741
SANJANA CLARK,EMP070,BUSINESS ANALYST,33,623 CEDAR STREET HOUSTON,55685,sanjana70@gmail.com,166
ROBERT LEWIS,EMP214,BUSINESS ANALYST,38,370 CEDAR STREET AUSTIN,67275,robert214@gmail.com,235
JAMES GAUTAM,EMP209,SENIOR DEVELOPER,32,252 SPRUCE STREET AUSTIN,99116,james209@gmail.com,937
DANIEL WILSON,EMP120,FINANCIAL ANALYST,36,964 SPRUCE STREET AUSTIN,135174,daniel120@gmail.com,168
JOHN LEWIS,EMP130,PRODUCT MANAGER,26,269 MAPLE STREET SAN JOSE,144875,john130@gmail.com,695
OLIVIA LEE,EMP493,DEVOPS ENGINEER,40,974 SPRUCE STREET MIAMI,100958,olivia493@gmail.com,859
ELIZABETH GAUTAM,EMP078,MARKETING DIRECTOR,32,816 MAIN STREET MIAMI,112113,elizabeth78@gmail.com,465
WILLIAM WALKER,EMP455,SALES REPRESENTATIVE,42,143 PINE STREET PHOENIX,86753,william455@gmail.com,777
EMILY HALL,EMP301,NETWORK ENGINEER,47,395 OAK STREET SEATTLE,92992,emily301@gmail.com,794
SANJANA MARTIN,EMP082,CLOUD ENGINEER,43,127 MAPLE STREET CHICAGO,117770,sanjana82@gmail.com,433
ROBERT CLARK,EMP083,IT DIRECTOR,55,783 OAK STREET HOUSTON,70199,robert83@gmail.com,860
SOPHIA BROWN,EMP084,DATABASE ADMIN,22,989 WILLOW STREET LOS ANGELES,46900,sophia84@gmail.com,915
WILLIAM WILSON,EMP498,SECURITY ANALYST,37,940 BIRCH STREET MIAMI,103992,william498@gmail.com,253
SOPHIA MARTIN,EMP228,UI UX DESIGNER,26,303 SPRUCE STREET PHILADELPHIA,105080,sophia228@gmail.com,520
SOPHIA LEWIS,EMP088,IT DIRECTOR,48,780 ELM STREET SEATTLE,52604,sophia88@gmail.com,840
DAVID WALKER,EMP446,DEVOPS ENGINEER,59,647 OAK STREET NEW YORK,93519,david446@gmail.com,952
JENNIFER SMITH,EMP090,QUALITY ASSURANCE,36,307 POPLAR STREET BOSTON,113603,jennifer90@gmail.com,578
PATRICIA SMITH,EMP394,HR MANAGER,22,744 ELM STREET DENVER,57140,patricia394@gmail.com,108
LINDA LEE,EMP418,SENIOR DEVELOPER,56,889 SPRUCE STREET LOS ANGELES,130849,linda418@gmail.com,931
LISA GAUTAM,EMP242,SALES REPRESENTATIVE,35,824 SPRUCE STREET LOS ANGELES,118204,lisa242@gmail.com,727
LINDA MARTIN,EMP448,CLOUD ENGINEER,31,814 POPLAR STREET PHILADELPHIA,64760,linda448@gmail.com,264
MICHAEL THOMPSON,EMP515,NETWORK ENGINEER,32,707 SPRUCE STREET LOS ANGELES,91434,michael515@gmail.com,602
SANJANA WHITE,EMP350,CLOUD ENGINEER,25,283 OAK STREET SAN JOSE,73677,sanjana350@gmail.com,227
MICHAEL KING,EMP277,MARKETING DIRECTOR,23,629 OAK STREET CHICAGO,99128,michael277@gmail.com,831
PAUL WHITE,EMP486,BUSINESS ANALYST,57,736 POPLAR STREET DALLAS,82182,paul486@gmail.com,746
PAUL LEE,EMP449,HR MANAGER,52,588 ELM STREET SAN ANTONIO,77465,paul449@gmail.com,729
JOHN SMITH,EMP433,SOFTWARE ENGINEER,42,563 WILLOW STREET SAN ANTONIO,115496,john433@gmail.com,882
DAVID ANDERSON,EMP503,OFFICE MANAGER,41,486 BIRCH STREET HOUSTON,62260,david503@gmail.com,395
DANIEL ALLEN,EMP360,SOFTWARE ENGINEER,38,603 BIRCH STREET NEW YORK,117254,daniel360@gmail.com,590
ROBERT YOUNG,EMP257,UI UX DESIGNER,44,198 PINE STREET DALLAS,98302,robert257@gmail.com,807
SARAH WHITE,EMP114,MARKETING DIRECTOR,51,323 SPRUCE STREET NEW YORK,128372,sarah114@gmail.com,515
OLIVIA MARTIN,EMP232,HR MANAGER,54,778 ELM STREET BOSTON,61888,olivia232@gmail.com,720
MARK HARRIS,EMP289,BUSINESS ANALYST,40,425 BIRCH STREET LOS ANGELES,104586,mark289@gmail.com,542
SARAH TAYLOR,EMP353,PROJECT MANAGER,53,557 WILLOW STREET SAN ANTONIO,126934,sarah353@gmail.com,419
DAVID JOHNSON,EMP189,HR MANAGER,59,900 SPRUCE STREET LOS ANGELES,86203,david189@gmail.com,699
PATRICIA WHITE,EMP113,BUSINESS ANALYST,47,622 MAPLE STREET LOS ANGELES,47986,patricia113@gmail.com,131
MICHAEL WHITE,EMP426,IT DIRECTOR,58,484 POPLAR STREET PHILADELPHIA,45435,michael426@gmail.com,483
WILLIAM SMITH,EMP135,MARKETING DIRECTOR,33,177 POPLAR STREET BOSTON,146755,william135@gmail.com,457
JENNIFER HALL,EMP117,SENIOR DEVELOPER,42,612 MAPLE STREET SAN JOSE,104004,jennifer117@gmail.com,933
PAUL WILSON,EMP118,FINANCIAL ANALYST,57,908 WILLOW STREET MIAMI,56934,paul118@gmail.com,116
LINDA WHITE,EMP121,CLOUD ENGINEER,37,121 PINE STREET PHOENIX,54849,linda121@gmail.com,462
EMILY KING,EMP122,PROJECT MANAGER,53,812 MAPLE STREET AUSTIN,59757,emily122@gmail.com,500
ROBERT HALL,EMP123,BUSINESS ANALYST,51,709 MAIN STREET MIAMI,130001,robert123@gmail.com,323
WILLIAM ALLEN,EMP478,IT DIRECTOR,35,162 ELM STREET NEW YORK,67658,william478@gmail.com,190
WILLIAM GAUTAM,EMP454,NETWORK ENGINEER,39,687 CEDAR STREET AUSTIN,148167,william454@gmail.com,389
MICHAEL DAVIS,EMP341,PRODUCT MANAGER,52,714 PINE STREET CHICAGO,81898,michael341@gmail.com,580
SARAH CLARK,EMP128,CLOUD ENGINEER,36,424 SPRUCE STREET CHICAGO,46099,sarah128@gmail.com,523
SANJANA LEWIS,EMP248,DATA SCIENTIST,41,541 BIRCH STREET SEATTLE,51776,sanjana248@gmail.com,320
LINDA WILSON,EMP132,SALES REPRESENTATIVE,34,183 SPRUCE STREET CHICAGO,127161,linda132@gmail.com,319
DANIEL LEE,EMP181,NETWORK ENGINEER,22,460 CEDAR STREET PHILADELPHIA,104881,daniel181@gmail.com,765
SOPHIA SMITH,EMP549,QUALITY ASSURANCE,42,180 BIRCH STREET SEATTLE,124719,sophia549@gmail.com,904
WILLIAM YOUNG,EMP176,UI UX DESIGNER,42,993 BIRCH STREET SAN DIEGO,65061,william176@gmail.com,899
SARAH WALKER,EMP140,PROJECT MANAGER,51,604 POPLAR STREET PHOENIX,92792,sarah140@gmail.com,552
EMILY ANDERSON,EMP143,BUSINESS ANALYST,42,879 MAIN STREET PHILADELPHIA,120099,emily143@gmail.com,855
WILLIAM DAVIS,EMP468,OFFICE MANAGER,29,184 ELM STREET SAN ANTONIO,101138,william468@gmail.com,498
LINDA ALLEN,EMP146,PROJECT MANAGER,50,281 PINE STREET SAN DIEGO,134954,linda146@gmail.com,205
WILLIAM JOHNSON,EMP441,SENIOR DEVELOPER,40,508 OAK STREET BOSTON,101713,william441@gmail.com,233
SOPHIA TAYLOR,EMP148,HR MANAGER,27,694 MAPLE STREET SEATTLE,74402,sophia148@gmail.com,931
ELIZABETH THOMPSON,EMP149,NETWORK ENGINEER,28,249 WILLOW STREET PHOENIX,64027,elizabeth149@gmail.com,937
DAVID BROWN,EMP518,MARKETING DIRECTOR,22,901 PINE STREET LOS ANGELES,125862,david518@gmail.com,873
DANIEL MARTIN,EMP513,UI UX DESIGNER,41,262 MAPLE STREET LOS ANGELES,122587,daniel513@gmail.com,140
SOPHIA ANDERSON,EMP431,SECURITY ANALYST,34,924 SPRUCE STREET SAN JOSE,118472,sophia431@gmail.com,897
ETHAN CLARK,EMP491,BUSINESS ANALYST,58,511 PINE STREET SAN JOSE,94210,ethan491@gmail.com,453
JENNIFER ANDERSON,EMP161,DEVOPS ENGINEER,45,264 WILLOW STREET DENVER,97612,jennifer161@gmail.com,228
JOHN DAVIS,EMP162,BUSINESS ANALYST,51,363 BIRCH STREET SEATTLE,130562,john162@gmail.com,233
MARK GAUTAM,EMP480,DEVOPS ENGINEER,54,345 PINE STREET CHICAGO,135005,mark480@gmail.com,848
SARAH YOUNG,EMP202,NETWORK ENGINEER,30,628 PINE STREET SAN DIEGO,52948,sarah202@gmail.com,395
PATRICIA CLARK,EMP272,OFFICE MANAGER,45,703 PINE STREET PHILADELPHIA,131533,patricia272@gmail.com,141
DAVID CLARK,EMP166,PRODUCT MANAGER,23,847 CEDAR STREET PHILADELPHIA,86640,david166@gmail.com,842
PAUL HALL,EMP336,HR MANAGER,45,621 OAK STREET SEATTLE,123212,paul336@gmail.com,889
JAMES LEWIS,EMP175,DATABASE ADMIN,29,300 BIRCH STREET PHOENIX,108935,james175@gmail.com,822
MARK LEE,EMP494,HR MANAGER,23,853 MAPLE STREET SEATTLE,113087,mark494@gmail.com,988
SOPHIA DAVIS,EMP178,HR MANAGER,56,187 MAPLE STREET DALLAS,59182,sophia178@gmail.com,422
PAUL LEWIS,EMP179,SECURITY ANALYST,24,916 MAPLE STREET HOUSTON,102969,paul179@gmail.com,335
JAMES THOMPSON,EMP543,SENIOR DEVELOPER,59,342 BIRCH STREET SAN DIEGO,69309,james543@gmail.com,391
SANJANA BROWN,EMP520,IT DIRECTOR,30,239 OAK STREET DALLAS,128236,sanjana520@gmail.com,125
DAVID HALL,EMP416,SALES REPRESENTATIVE,56,666 SPRUCE STREET LOS ANGELES,148067,david416@gmail.com,565
LISA CLARK,EMP284,UI UX DESIGNER,26,970 MAPLE STREET CHICAGO,61759,lisa284@gmail.com,240
MARK CLARK,EMP415,SECURITY ANALYST,22,415 SPRUCE STREET MIAMI,65168,mark415@gmail.com,812
SARAH JOHNSON,EMP275,HR MANAGER,49,525 PINE STREET PHILADELPHIA,94236,sarah275@gmail.com,737
OLIVIA JOHNSON,EMP192,PRODUCT MANAGER,33,269 WILLOW STREET CHICAGO,108743,olivia192@gmail.com,723
JENNIFER JOHNSON,EMP321,PRODUCT MANAGER,23,521 BIRCH STREET NEW YORK,66823,jennifer321@gmail.com,114
OLIVIA SMITH,EMP233,SECURITY ANALYST,37,376 OAK STREET SEATTLE,120693,olivia233@gmail.com,716
DANIEL DAVIS,EMP197,UI UX DESIGNER,54,413 MAPLE STREET AUSTIN,114413,daniel197@gmail.com,482
DAVID DAVIS,EMP198,BUSINESS ANALYST,55,533 ELM STREET SAN ANTONIO,61734,david198@gmail.com,126
OLIVIA ANDERSON,EMP320,QUALITY ASSURANCE,60,399 WILLOW STREET SEATTLE,118354,olivia320@gmail.com,776
SARAH GAUTAM,EMP200,PRODUCT MANAGER,55,792 OAK STREET NEW YORK,60391,sarah200@gmail.com,751
ETHAN ALLEN,EMP456,SECURITY ANALYST,52,450 MAPLE STREET AUSTIN,50228,ethan456@gmail.com,455
DAVID HARRIS,EMP203,PRODUCT MANAGER,31,242 SPRUCE STREET SAN DIEGO,45761,david203@gmail.com,984
WILLIAM LEE,EMP434,SECURITY ANALYST,29,392 SPRUCE STREET SAN DIEGO,102050,william434@gmail.com,911
PATRICIA WALKER,EMP205,HR MANAGER,30,409 OAK STREET PHOENIX,55862,patricia205@gmail.com,594
WILLIAM TAYLOR,EMP467,OFFICE MANAGER,25,222 BIRCH STREET SAN JOSE,52188,william467@gmail.com,718
SANJANA WILSON,EMP534,PROJECT MANAGER,38,169 MAPLE STREET CHICAGO,147512,sanjana534@gmail.com,377
EMILY BROWN,EMP517,HR MANAGER,52,927 MAPLE STREET SAN JOSE,57145,emily517@gmail.com,118
MICHAEL TAYLOR,EMP490,SYSTEM ADMIN,59,446 ELM STREET BOSTON,65699,michael490@gmail.com,639
DAVID YOUNG,EMP481,HR MANAGER,41,820 CEDAR STREET SAN DIEGO,51399,david481@gmail.com,858
LINDA KING,EMP460,OFFICE MANAGER,54,341 MAPLE STREET SAN JOSE,69704,linda460@gmail.com,318
JOHN THOMPSON,EMP220,SENIOR DEVELOPER,31,730 OAK STREET SAN ANTONIO,69074,john220@gmail.com,461
OLIVIA HARRIS,EMP222,OFFICE MANAGER,44,530 CEDAR STREET MIAMI,75344,olivia222@gmail.com,223
ELIZABETH LEE,EMP225,CLOUD ENGINEER,23,178 MAPLE STREET BOSTON,129815,elizabeth225@gmail.com,438
ELIZABETH ANDERSON,EMP256,DEVOPS ENGINEER,40,808 WILLOW STREET SAN DIEGO,80972,elizabeth256@gmail.com,926
SANJANA HALL,EMP227,QUALITY ASSURANCE,35,508 MAIN STREET PHILADELPHIA,70437,sanjana227@gmail.com,389
ETHAN TAYLOR,EMP512,QUALITY ASSURANCE,59,221 WILLOW STREET PHILADELPHIA,82080,ethan512@gmail.com,379
SARAH ALLEN,EMP333,BUSINESS ANALYST,57,386 MAPLE STREET CHICAGO,132722,sarah333@gmail.com,268
DANIEL THOMPSON,EMP235,SENIOR DEVELOPER,48,367 POPLAR STREET NEW YORK,64645,daniel235@gmail.com,476
ETHAN GAUTAM,EMP462,DEVOPS ENGINEER,44,645 MAIN STREET AUSTIN,69802,ethan462@gmail.com,583
PATRICIA WILSON,EMP436,MARKETING DIRECTOR,36,255 BIRCH STREET LOS ANGELES,130762,patricia436@gmail.com,990
SARAH SMITH,EMP406,DEVOPS ENGINEER,32,530 MAPLE STREET SAN JOSE,47149,sarah406@gmail.com,558
OLIVIA KING,EMP247,SYSTEM ADMIN,29,917 SPRUCE STREET SAN ANTONIO,91405,olivia247@gmail.com,829
SANJANA DAVIS,EMP531,SECURITY ANALYST,41,886 OAK STREET SAN DIEGO,94411,sanjana531@gmail.com,492
WILLIAM LEWIS,EMP255,SECURITY ANALYST,38,999 MAIN STREET SAN ANTONIO,126596,william255@gmail.com,361
LINDA JOHNSON,EMP251,CLOUD ENGINEER,31,266 PINE STREET MIAMI,91227,linda251@gmail.com,833
JOHN HARRIS,EMP313,DEVOPS ENGINEER,31,153 MAPLE STREET SEATTLE,99431,john313@gmail.com,977
OLIVIA THOMPSON,EMP550,QUALITY ASSURANCE,55,461 OAK STREET MIAMI,102512,olivia550@gmail.com,414
ELIZABETH WALKER,EMP384,OFFICE MANAGER,48,944 PINE STREET SAN DIEGO,86751,elizabeth384@gmail.com,149
JENNIFER KING,EMP260,NETWORK ENGINEER,25,315 PINE STREET PHOENIX,72960,jennifer260@gmail.com,179
JAMES BROWN,EMP444,OFFICE MANAGER,38,766 BIRCH STREET LOS ANGELES,53279,james444@gmail.com,413
EMILY LEWIS,EMP537,SECURITY ANALYST,24,385 PINE STREET PHOENIX,71215,emily537@gmail.com,755
WILLIAM HALL,EMP542,SOFTWARE ENGINEER,32,717 OAK STREET LOS ANGELES,61006,william542@gmail.com,836
DAVID LEE,EMP267,DATABASE ADMIN,28,440 WILLOW STREET SEATTLE,147516,david267@gmail.com,916
PATRICIA HARRIS,EMP484,MARKETING DIRECTOR,30,854 ELM STREET SEATTLE,121774,patricia484@gmail.com,981
DAVID THOMPSON,EMP270,SYSTEM ADMIN,36,779 POPLAR STREET DENVER,103088,david270@gmail.com,903
ETHAN LEE,EMP458,DATA SCIENTIST,30,223 MAPLE STREET DENVER,105209,ethan458@gmail.com,764
LISA BROWN,EMP274,QUALITY ASSURANCE,45,195 MAPLE STREET AUSTIN,96818,lisa274@gmail.com,640
JENNIFER BROWN,EMP459,QUALITY ASSURANCE,25,456 POPLAR STREET MIAMI,136766,jennifer459@gmail.com,292
ETHAN JOHNSON,EMP370,PRODUCT MANAGER,34,218 ELM STREET AUSTIN,123747,ethan370@gmail.com,757
DANIEL GAUTAM,EMP279,QUALITY ASSURANCE,22,431 OAK STREET NEW YORK,53442,daniel279@gmail.com,411
MARK HALL,EMP291,OFFICE MANAGER,24,905 PINE STREET DENVER,56230,mark291@gmail.com,587
EMILY GAUTAM,EMP282,SYSTEM ADMIN,58,771 MAPLE STREET SAN ANTONIO,101943,emily282@gmail.com,509
JAMES JOHNSON,EMP283,SYSTEM ADMIN,24,910 ELM STREET CHICAGO,104505,james283@gmail.com,443
OLIVIA WHITE,EMP538,SENIOR DEVELOPER,41,706 POPLAR STREET CHICAGO,69496,olivia538@gmail.com,362
ROBERT ALLEN,EMP521,SECURITY ANALYST,40,620 PINE STREET SAN JOSE,95999,robert521@gmail.com,725
ELIZABETH BROWN,EMP522,NETWORK ENGINEER,27,687 PINE STREET MIAMI,71079,elizabeth522@gmail.com,316
JOHN TAYLOR,EMP290,SOFTWARE ENGINEER,22,243 POPLAR STREET PHILADELPHIA,147835,john290@gmail.com,342
SARAH MARTIN,EMP292,QUALITY ASSURANCE,27,909 SPRUCE STREET PHOENIX,80245,sarah292@gmail.com,831
LINDA CLARK,EMP294,SOFTWARE ENGINEER,27,770 PINE STREET MIAMI,46392,linda294@gmail.com,975
JOHN HALL,EMP440,NETWORK ENGINEER,31,755 WILLOW STREET CHICAGO,146436,john440@gmail.com,790
PATRICIA MARTIN,EMP308,FINANCIAL ANALYST,57,490 MAPLE STREET AUSTIN,126805,patricia308@gmail.com,491
SOPHIA GAUTAM,EMP298,DATABASE ADMIN,31,876 POPLAR STREET SAN DIEGO,140893,sophia298@gmail.com,998
ELIZABETH LEWIS,EMP299,FINANCIAL ANALYST,46,308 ELM STREET SAN ANTONIO,135041,elizabeth299@gmail.com,433
SARAH ANDERSON,EMP302,SALES REPRESENTATIVE,48,678 PINE STREET PHILADELPHIA,135578,sarah302@gmail.com,883
PAUL TAYLOR,EMP489,QUALITY ASSURANCE,48,473 OAK STREET PHILADELPHIA,105752,paul489@gmail.com,593
LINDA SMITH,EMP514,DATABASE ADMIN,55,667 MAPLE STREET PHILADELPHIA,82631,linda514@gmail.com,863
DAVID GAUTAM,EMP305,IT DIRECTOR,56,238 MAPLE STREET DALLAS,83503,david305@gmail.com,519
OLIVIA BROWN,EMP403,SALES REPRESENTATIVE,41,509 SPRUCE STREET SEATTLE,83900,olivia403@gmail.com,462
SARAH WILSON,EMP501,BUSINESS ANALYST,29,196 ELM STREET AUSTIN,116257,sarah501@gmail.com,549
PATRICIA THOMPSON,EMP511,PRODUCT MANAGER,33,499 OAK STREET NEW YORK,145941,patricia511@gmail.com,967
JAMES CLARK,EMP311,CLOUD ENGINEER,48,750 OAK STREET MIAMI,95649,james311@gmail.com,665
SOPHIA CLARK,EMP315,HR MANAGER,38,963 MAPLE STREET SAN ANTONIO,95686,sophia315@gmail.com,506
ELIZABETH WHITE,EMP316,PROJECT MANAGER,59,247 POPLAR STREET SEATTLE,110301,elizabeth316@gmail.com,859
MARK WILSON,EMP324,SENIOR DEVELOPER,40,420 MAIN STREET PHOENIX,76374,mark324@gmail.com,155
PAUL ALLEN,EMP400,SOFTWARE ENGINEER,47,726 WILLOW STREET HOUSTON,57037,paul400@gmail.com,774
ROBERT WHITE,EMP328,DATABASE ADMIN,25,244 POPLAR STREET AUSTIN,92156,robert328@gmail.com,684
DANIEL BROWN,EMP332,OFFICE MANAGER,28,582 ELM STREET PHILADELPHIA,112926,daniel332@gmail.com,740
ELIZABETH WILSON,EMP334,MARKETING DIRECTOR,23,276 OAK STREET SAN DIEGO,104964,elizabeth334@gmail.com,509
SOPHIA YOUNG,EMP411,PROJECT MANAGER,40,953 MAPLE STREET BOSTON,106330,sophia411@gmail.com,802
ROBERT LEE,EMP343,UI UX DESIGNER,33,928 ELM STREET DALLAS,96276,robert343@gmail.com,498
SOPHIA WILSON,EMP345,IT DIRECTOR,41,293 POPLAR STREET SAN DIEGO,107425,sophia345@gmail.com,863
JOHN MARTIN,EMP463,OFFICE MANAGER,25,109 CEDAR STREET SAN DIEGO,105296,john463@gmail.com,163
JENNIFER CLARK,EMP347,PROJECT MANAGER,41,575 POPLAR STREET NEW YORK,86766,jennifer347@gmail.com,173
MICHAEL WILSON,EMP348,DATA SCIENTIST,39,596 PINE STREET SAN ANTONIO,125220,michael348@gmail.com,535
ELIZABETH CLARK,EMP465,BUSINESS ANALYST,54,933 SPRUCE STREET SAN DIEGO,59310,elizabeth465@gmail.com,593
JAMES HALL,EMP351,SENIOR DEVELOPER,53,307 MAIN STREET LOS ANGELES,86827,james351@gmail.com,211
LINDA ANDERSON,EMP354,PRODUCT MANAGER,24,954 ELM STREET SEATTLE,101843,linda354@gmail.com,137
JAMES ALLEN,EMP529,DATA SCIENTIST,22,856 MAPLE STREET BOSTON,136206,james529@gmail.com,935
MICHAEL WALKER,EMP356,DEVOPS ENGINEER,51,201 BIRCH STREET DALLAS,74743,michael356@gmail.com,580
SANJANA LEE,EMP359,MARKETING DIRECTOR,26,336 OAK STREET SEATTLE,50020,sanjana359@gmail.com,728
JENNIFER HARRIS,EMP507,SYSTEM ADMIN,39,715 ELM STREET HOUSTON,54713,jennifer507@gmail.com,565
JAMES WALKER,EMP533,DATABASE ADMIN,22,930 POPLAR STREET SAN DIEGO,129690,james533@gmail.com,505
SARAH THOMPSON,EMP363,PROJECT MANAGER,36,666 WILLOW STREET DALLAS,112564,sarah363@gmail.com,209
DAVID SMITH,EMP364,NETWORK ENGINEER,45,850 ELM STREET BOSTON,101936,david364@gmail.com,350
LISA HALL,EMP369,SOFTWARE ENGINEER,38,966 PINE STREET HOUSTON,47575,lisa369@gmail.com,355
LISA DAVIS,EMP374,MARKETING DIRECTOR,53,557 SPRUCE STREET SAN DIEGO,73949,lisa374@gmail.com,720
PATRICIA HALL,EMP495,SALES REPRESENTATIVE,31,351 MAIN STREET BOSTON,102805,patricia495@gmail.com,201
JOHN YOUNG,EMP376,SENIOR DEVELOPER,51,284 MAIN STREET DENVER,67309,john376@gmail.com,774
JOHN WILSON,EMP377,BUSINESS ANALYST,51,368 WILLOW STREET BOSTON,103943,john377@gmail.com,579
PATRICIA DAVIS,EMP525,BUSINESS ANALYST,54,605 ELM STREET PHOENIX,54570,patricia525@gmail.com,485
JAMES WILSON,EMP485,SYSTEM ADMIN,32,174 OAK STREET SEATTLE,107614,james485@gmail.com,141
JENNIFER ALLEN,EMP381,CLOUD ENGINEER,28,743 PINE STREET DALLAS,102906,jennifer381@gmail.com,563
JENNIFER LEWIS,EMP443,PROJECT MANAGER,27,332 POPLAR STREET PHILADELPHIA,113839,jennifer443@gmail.com,660
SANJANA YOUNG,EMP487,UI UX DESIGNER,33,411 PINE STREET MIAMI,119285,sanjana487@gmail.com,379
JAMES LEE,EMP385,QUALITY ASSURANCE,53,815 CEDAR STREET SAN JOSE,131663,james385@gmail.com,862
LINDA DAVIS,EMP387,DEVOPS ENGINEER,44,778 POPLAR STREET NEW YORK,120232,linda387@gmail.com,209
DANIEL HARRIS,EMP548,DEVOPS ENGINEER,51,430 MAPLE STREET HOUSTON,110133,daniel548@gmail.com,233
OLIVIA DAVIS,EMP393,SYSTEM ADMIN,22,540 MAIN STREET SAN ANTONIO,71225,olivia393@gmail.com,406
ETHAN BROWN,EMP395,BUSINESS ANALYST,29,162 OAK STREET MIAMI,70321,ethan395@gmail.com,148
MARK BROWN,EMP407,SECURITY ANALYST,57,354 CEDAR STREET NEW YORK,147316,mark407@gmail.com,438
LINDA WALKER,EMP397,SYSTEM ADMIN,22,412 POPLAR STREET LOS ANGELES,58760,linda397@gmail.com,162
LINDA HARRIS,EMP399,FINANCIAL ANALYST,50,373 WILLOW STREET SAN DIEGO,138463,linda399@gmail.com,871
PAUL HARRIS,EMP401,DATA SCIENTIST,22,314 PINE STREET MIAMI,99803,paul401@gmail.com,453
SARAH HALL,EMP540,QUALITY ASSURANCE,58,944 POPLAR STREET BOSTON,102002,sarah540@gmail.com,930
SANJANA WALKER,EMP410,OFFICE MANAGER,59,419 PINE STREET CHICAGO,61001,sanjana410@gmail.com,237
WILLIAM ANDERSON,EMP412,SALES REPRESENTATIVE,51,269 MAPLE STREET DENVER,121307,william412@gmail.com,182
PATRICIA ALLEN,EMP413,SECURITY ANALYST,38,718 OAK STREET AUSTIN,91856,patricia413@gmail.com,351
PATRICIA GAUTAM,EMP417,FINANCIAL ANALYST,51,364 PINE STREET DENVER,54916,patricia417@gmail.com,673
JAMES KING,EMP469,MARKETING DIRECTOR,56,578 SPRUCE STREET HOUSTON,103942,james469@gmail.com,959
DANIEL YOUNG,EMP421,HR MANAGER,39,431 POPLAR STREET HOUSTON,116290,daniel421@gmail.com,893
WILLIAM CLARK,EMP447,MARKETING DIRECTOR,31,804 MAIN STREET SAN ANTONIO,118165,william447@gmail.com,976
ETHAN HARRIS,EMP424,OFFICE MANAGER,27,393 MAIN STREET CHICAGO,143795,ethan424@gmail.com,885
MARK ANDERSON,EMP430,UI UX DESIGNER,46,965 MAPLE STREET HOUSTON,90299,mark430@gmail.com,779
DAVID MARTIN,EMP432,UI UX DESIGNER,53,224 ELM STREET SAN ANTONIO,138028,david432@gmail.com,449
SANJANA SMITH,EMP435,SOFTWARE ENGINEER,52,551 CEDAR STREET HOUSTON,103874,sanjana435@gmail.com,661
EMILY LEE,EMP439,IT DIRECTOR,47,147 SPRUCE STREET PHILADELPHIA,136703,emily439@gmail.com,479
LINDA TAYLOR,EMP442,UI UX DESIGNER,43,376 MAPLE STREET CHICAGO,143035,linda442@gmail.com,880
JENNIFER LEE,EMP445,SYSTEM ADMIN,27,649 ELM STREET HOUSTON,98104,jennifer445@gmail.com,323
PAUL YOUNG,EMP450,OFFICE MANAGER,38,595 PINE STREET NEW YORK,123199,paul450@gmail.com,655
ETHAN SMITH,EMP470,SYSTEM ADMIN,43,214 WILLOW STREET SAN DIEGO,74849,ethan470@gmail.com,517
SANJANA THOMPSON,EMP524,SOFTWARE ENGINEER,35,703 WILLOW STREET DENVER,141108,sanjana524@gmail.com,764
LINDA GAUTAM,EMP461,PROJECT MANAGER,46,485 MAPLE STREET NEW YORK,52690,linda461@gmail.com,509
PAUL DAVIS,EMP464,DATABASE ADMIN,46,617 BIRCH STREET SAN JOSE,141285,paul464@gmail.com,776
JENNIFER GAUTAM,EMP466,PROJECT MANAGER,57,155 ELM STREET SAN DIEGO,48817,jennifer466@gmail.com,751
MICHAEL GAUTAM,EMP472,SENIOR DEVELOPER,25,110 MAPLE STREET SEATTLE,97186,michael472@gmail.com,663
MICHAEL CLARK,EMP475,SENIOR DEVELOPER,38,263 OAK STREET PHOENIX,76183,michael475@gmail.com,664
SANJANA TAYLOR,EMP476,QUALITY ASSURANCE,30,799 MAPLE STREET MIAMI,69287,sanjana476@gmail.com,508
DAVID WHITE,EMP532,DEVOPS ENGINEER,39,774 ELM STREET SAN ANTONIO,133706,david532@gmail.com,573
PAUL KING,EMP545,OFFICE MANAGER,29,256 POPLAR STREET SAN JOSE,93310,paul545@gmail.com,295
MICHAEL ALLEN,EMP492,DATA SCIENTIST,60,142 POPLAR STREET SAN JOSE,123375,michael492@gmail.com,190
PAUL JOHNSON,EMP502,NETWORK ENGINEER,49,150 POPLAR STREET HOUSTON,117156,paul502@gmail.com,144
JAMES ANDERSON,EMP505,MARKETING DIRECTOR,41,871 MAIN STREET BOSTON,69987,james505@gmail.com,275
SARAH LEE,EMP506,PROJECT MANAGER,41,311 MAPLE STREET AUSTIN,86236,sarah506@gmail.com,518
SANJANA JOHNSON,EMP509,PROJECT MANAGER,57,214 OAK STREET HOUSTON,97981,sanjana509@gmail.com,209
ETHAN KING,EMP510,OFFICE MANAGER,48,618 WILLOW STREET CHICAGO,112310,ethan510@gmail.com,273
LINDA BROWN,EMP519,IT DIRECTOR,33,272 MAIN STREET SAN JOSE,103717,linda519@gmail.com,339
LINDA THOMPSON,EMP526,DATA SCIENTIST,29,344 MAPLE STREET PHOENIX,69856,linda526@gmail.com,693
ROBERT WILSON,EMP527,SYSTEM ADMIN,22,537 PINE STREET SAN ANTONIO,49050,robert527@gmail.com,730
EMILY WILSON,EMP530,NETWORK ENGINEER,26,806 POPLAR STREET DALLAS,112278,emily530@gmail.com,855
LISA THOMPSON,EMP536,SENIOR DEVELOPER,32,499 ELM STREET PHOENIX,98588,lisa536@gmail.com,248
SUBODH MADAI,001,LAWYER,29,THIMI,3000000,sm001@gmail.com,111
SANJANA GAUTAM,001,SENIOR,28,THIMI BHAKTAPUR,20000,SG001@gmail.com,subodhmadai12
POKHREL BASU,222,mad homey,23,malpot,2000000,malpot69@gmail.com,lamo
MANAS,1110,MAD,21,bkt,20000,sm0012@gmail.com,mad1
SUBODH,BCT,ENGINEER,21,BKT,200000,mada1i@gmail.com,0
sumit,1,namer,22,hello woeld,1,a@gmail.com,1
